<?xml version="1.0" encoding="utf-8"?>
<config>
	<params>
		<param name="@spacer" type="spacer" default="" label="" description="" />
		<param name="disabled" type="radio" default="0" label="Disabled" description="">
			<option value="0">No</option>
			<option value="1">Yes</option>
		</param>
		<param name="readonly" type="radio" default="0" label="Read Only" description="">
			<option value="0">No</option>
			<option value="1">Yes</option>
		</param>
		<param name="style" type="text" default="" label="Style Atrribute" description="" />
	</params>
</config>