<?xml version="1.0" encoding="utf-8"?>
<config>
	<params>
		<param name="@spacer" type="spacer" default="" label="" description="" />
		<param name="disabled" type="radio" default="0" label="Disabled" description="">
			<option value="0">No</option>
			<option value="1">Yes</option>
		</param>
		<param name="readonly" type="radio" default="0" label="Read Only" description="">
			<option value="0">No</option>
			<option value="1">Yes</option>
		</param>
		<param name="type" type="radio" default="text" label="Type" description="">
			<option value="text">Text</option>
			<option value="password">Password</option>
		</param>
		<param name="min_char" type="text" default="" label="Minimum Character" description="" />
		<param name="max_char" type="text" default="" label="Maximum Character" description="" />
		<param name="maxlength" type="text" default="" label="Maximum Length" description="" />
		<param name="style" type="text" default="" label="Style Atrribute" description="" />
	</params>
</config>